city,entropy,rel_entropy,circuity,avg_degree,intersection_count
"San Francisco, CA, USA",3.527923391,0.050374231,1.104433126,4.902322782,154087
"Sioux City, IA, USA",2.70124904,0.64193604,1.053705449,5.634378722,4245
"Mason City, IA 50401, USA",2.30382631,0.825632465,1.048162692,5.79771615,1034
"Marshalltown, IA 50158, USA",2.150244949,0.8791046,1.036271407,5.994987469,714
"Clinton, IA, USA",2.999828628,0.460912261,1.026264576,5.69107322,824
"Ottumwa, IA 52501, USA",1.948697525,0.934461781,1.01498547,6.131355932,426
"Piedmont, Italy",3.577378669,0.006015794,1.179464168,4.459541363,289427
"Snowmass Village, CO, USA",3.44793127,0.119979086,1.232988886,4.554621849,82
"Milton, ON, Canada",2.934929469,0.503398635,1.199112511,5.591861899,1541
"Lappeenranta, Finland",3.571764253,0.011102539,1.125774223,4.848829431,4485
"Lahti, Finland",3.580104311,0.003541617,1.119040032,4.471109423,10136
"Mikkeli, Finland",3.560235498,0.021506854,1.130787657,4.525144447,5913
"Kouvola, Finland",3.569646946,0.013017462,1.120449562,4.760927018,7106
"Kotka, Finland",3.579961758,0.003671094,1.106480137,4.506798594,22468
"Vaasa, Finland",3.578090105,0.005370291,1.099791917,4.697146364,4542
"Hämeenlinna, Finland",3.579326064,0.004248377,1.112496246,4.574470704,10771
"Oulu, Finland",3.57827681,0.005200854,1.10748408,4.568043442,8086
"Venice, Italy",3.5048277,0.070742858,1.075105277,4.467535111,30252
"Richland, WA, USA",3.005733908,0.456959811,1.070403973,5.201542912,8833
"Knoxville, TN, USA",3.488309808,0.085174932,1.073174036,5.066477826,8677
"East Lansing, MI, USA",3.080682628,0.405541722,1.073720885,5.047682119,49253
"Fort Dodge, IA 50501, USA",2.696392785,0.644575296,1.051896128,5.820097245,1076
"Muscatine, IA 52761, USA",3.128862162,0.371260557,1.049935632,5.399820305,871
"Eugene, OR, USA",3.141651456,0.361999196,1.166306084,4.993360394,99515
"Orlando, FL, USA",3.124672434,0.374279821,1.117758097,4.875595609,60782
"Klawock, AK 99925, USA",3.497162317,0.07745433,1.116159059,4.593837535,445
"Aspen, CO 81611, USA",3.479472219,0.092850161,1.199028303,4.721542455,3683
"Cedar Rapids, IA, USA",2.87290617,0.542372883,1.059503459,5.392599278,5476
"Simi Valley, CA, USA",3.054872875,0.423510853,1.084684749,4.776297001,2893
"Tucson, AZ, USA",3.060099531,0.419894246,1.078108761,5.005491762,33910
"El Monte, CA, USA",3.290304231,0.249384914,1.026034099,5.090909091,1421
"Albany, OR, USA",3.027295498,0.442405886,1.081818617,5.111673106,63914
"Vail, CO 81657, USA",3.520236619,0.05717789,1.111522287,4.357366771,232
"Denver, CO, USA",3.240294027,0.288292041,1.131836129,5.033261416,148125
"London, UK",3.507745859,0.068181453,1.04474869,4.657413249,1308
"Boise, ID, USA",3.002699482,0.458992579,1.095070658,5.163329737,18932
"Vienna, Austria",3.539926483,0.039701223,1.0518819,4.621320673,19883
"New York, NY, USA",3.546529312,0.033804636,1.07011589,5.132540028,309263
"Tallahassee, FL, USA",3.162563217,0.346710082,1.083978188,4.855495329,7009
"Washington, DC, USA",3.562983795,0.019031603,1.086044941,4.786197961,97218
"Seattle, WA, USA",3.029074162,0.441196707,1.090959275,4.845915728,115491
"Yakima, WA, USA",2.668242888,0.659681764,1.085849939,5.261346781,5037
"Gwinnett County, GA, USA",3.539486928,0.040093122,1.105717679,4.602080185,39209
"Monterey, CA, USA",3.502540243,0.072748201,1.118549958,4.901470891,47269
"Norwalk, CA, USA",3.274834453,0.261530751,1.053149802,5.053941052,15123
"Bari, Italy",3.524802918,0.053139151,1.060238188,4.710067814,17440
"Miskolc, Hungary",3.526713931,0.051446361,1.077447666,5.094883497,3382
"Aachen, Germany",3.576402585,0.006901078,1.077640336,4.800667612,298167
"Grand Forks, ND, USA",2.522182096,0.732797506,1.052700989,5.834222007,1862
"Fargo, ND, USA",2.59346062,0.698219916,1.060295734,5.541000878,5102
"Racine, WI, USA",2.718800799,0.632315677,1.046137485,5.407962529,3686
"London, ON, Canada",3.177544216,0.335645798,1.123969184,5.307540586,5533
"Regina, SK, Canada",2.741547709,0.619658042,1.113773014,5.711446589,4812
"Moncton, NB, Canada",3.279794196,0.257647482,1.085964786,5.379310345,3256
"Gatineau, QC, Canada",3.420792862,0.142991687,1.133407849,5.158659721,13478
"Sherbrooke, QC, Canada",3.285324021,0.253305856,1.105150851,5.132624769,3690
"St Petersburg, Russia",3.568957958,0.013640192,1.060330586,4.965839857,48697
"Oakland, CA, USA",3.531883027,0.046859961,1.097019611,4.906406258,114103
"Yamanashi Prefecture, Japan",3.558837933,0.022764371,1.158324993,5.651211759,85206
"Prague, Czechia",3.579523225,0.00406935,1.098884155,4.937277837,345410
"Mornington Peninsula, VIC, Australia",3.511105013,0.065228602,1.070596578,4.319018405,256
"Córdoba, Cordoba, Argentina",3.310502873,0.233377165,1.043047098,5.631566008,33999
"Chiang Mai, Mueang Chiang Mai District, Chiang Mai, Thailand",3.523853795,0.053979329,1.095224619,4.893540804,1029161
"Magnetic Island, Queensland, Australia",3.456273078,0.112844207,1.109349375,4.384976526,125
"Ventura County, CA, USA",3.399330102,0.160975587,1.106291211,4.93952453,26080
"Pacific County, WA, USA",3.046527168,0.429262255,1.141459621,4.923076923,2808
"Dublin, Ireland",3.569750863,0.012923521,1.077358024,4.366909332,29857
"Lincoln, NE, USA",2.763736082,0.607104831,1.044093778,5.239892183,9820
"Kingston, ON, Canada",3.292935329,0.247309294,1.122122453,5.260547742,2308
"Windsor, ON, Canada",3.144046049,0.360257627,1.054898139,5.238838674,6354
"Bagé, RS, Brazil",3.419587189,0.14400699,1.020339646,6.150636492,2531
"Rochester, MN, USA",3.003360243,0.458550259,1.057967601,5.239986461,56324
"Bakersfield, CA, USA",3.200303344,0.318659153,1.079013947,5.197707736,167895
"Bend, OR, USA",3.019728363,0.44753557,1.161850869,5.187492708,39222
"Emeryville, CA, USA",2.952443006,0.492105137,1.020204916,5.139037433,703
"Cabarrus County, NC, USA",3.56268043,0.019304982,1.073965339,4.893802187,6301
"Klamath Falls, OR, USA",3.284281491,0.254125344,1.123267748,5.09935698,3512
"Missoula, MT, USA",2.910437985,0.518978877,1.0720844,5.391958345,2729
"Waltham, MA, USA",3.577351803,0.006040166,1.072326075,5.142138365,10706
"Beloit, WI 53511, USA",2.862697895,0.548634942,1.045692094,5.697607152,3299
"Clackamas County, OR, USA",3.456129472,0.112967279,1.075181361,4.912621359,4785
"Santa Maria, CA, USA",3.136545701,0.365704646,1.138223512,5.159494855,6602
"Duarte, CA, USA",2.735804648,0.622874011,1.079698921,4.667481663,623
"Portland, OR, USA",3.106118059,0.387563403,1.123559464,5.019576219,88533
"Monterey Park, CA, USA",3.197953607,0.320422844,1.045448999,5.226812159,1061
"Cumberland County, ME, USA",3.57007677,0.012628873,1.083864002,4.694823131,7600
"Mountain View, CA, USA",3.311089076,0.232910067,1.073083788,4.671015843,941
"Eagle County, CO, USA",3.55685431,0.024547828,1.252179947,4.61026616,2928
"Middlesex County, CT, USA",3.545075797,0.035104231,1.088419064,4.831824311,7613
"Rocky Mount, NC, USA",3.471866351,0.099429783,1.046477843,5.0209296,2813
"Mugello, 50032 Borgo San Lorenzo FI, Italy",3.535787821,0.043388009,1.235802905,4.201068358,19404
"Nevada County, CA, USA",3.525208444,0.052780059,1.143571714,4.545289581,4201
"Dallas County, TX, USA",3.254716632,0.277177728,1.060201395,5.102226261,15070
"Madrid, Spain",3.571388573,0.011442444,1.053426822,4.024236579,59563
"Niagara Regional Municipality, ON, Canada",3.007034825,0.456087157,1.057284609,5.491074245,13632
"Marche, Italy",3.580633614,0.00306079,1.193148365,4.562280511,161780
"Florence, Italy",3.494772962,0.079541372,1.111280731,4.094577096,16412
"Stanford, CA, USA",3.442823829,0.124333341,1.089901246,4.86038961,10595
"Helsinki, Finland",3.581843257,0.001961496,1.110663013,4.478355854,50792
"North Karelia, Finland",3.576637647,0.006687918,1.132408493,4.729684909,11893
"Joensuu, Finland",3.566779136,0.015608192,1.1099348,4.664689601,3454
"Turku, Finland",3.577630188,0.005787608,1.113094253,4.672012725,19539
"Jyväskylä, Finland",3.578298066,0.005181563,1.116013937,4.403143093,7744
"Tampere, Finland",3.579106048,0.004448138,1.117506346,4.486964585,18316
"Warsaw, Poland",3.564813201,0.017382217,1.044257033,4.834144201,40227
"Valencia, Spain",3.506520472,0.069257462,1.050164502,3.918767676,15471
"Painesville Township, OH, USA",3.198793454,0.319792726,1.05693415,5.276372315,13850
"Sitka, AK, USA",3.539468278,0.040109748,1.222147974,4.598540146,272
"Sudbury, ON, Canada",3.157628254,0.350334478,1.102338104,5.073828796,3120
"Lodi, CA, USA",2.372732212,0.798468362,1.074632262,5.560747664,1303
"San Luis Obispo, CA, USA",3.359798555,0.193600449,1.110259217,5.03644705,11658
"Long Beach, CA, USA",2.633396063,0.677927709,1.040249299,5.355854314,17559
"San Sebastián, Gipuzkoa, Spain",3.56097732,0.020839041,1.168515268,3.799716914,2433
"Livermore, CA, USA",3.493090537,0.08100951,1.108470709,4.597774245,13957
"Pompano Beach, FL, USA",2.739888131,0.620588766,1.097926792,5.098984511,65445
"Juneau, AK, USA",3.424358048,0.139985906,1.082245538,4.844995571,823
"British Columbia, Canada",3.198984103,0.319649645,1.14444478,4.851526558,83010
"Thousand Oaks, CA, USA",3.471627727,0.099635822,1.116702429,4.594413408,7864
"Birmingham, AL, USA",3.39133686,0.167624484,1.07047916,5.174991505,24877
"Pinole, CA, USA",3.555229865,0.026007139,1.084778481,5.126237752,15776
"Massachusetts, USA",3.556468833,0.024894218,1.081607447,5.097453209,570916
"El Dorado County, CA, USA",3.345180368,0.2055008,1.104259451,4.883293224,28835
"Palo Verde Valley, California 92266, USA",2.898577167,0.526434883,1.08563114,4.99567867,14103
"Skamania County, WA, USA",3.217453471,0.305717205,1.116643361,4.624108771,4001
"Los Angeles, CA, USA",3.201599165,0.317685544,1.075040325,5.099047511,283035
"Malheur County, OR, USA",2.658591012,0.664785862,1.074866456,5.521212121,1056
"Petaluma, CA, USA",3.34674845,0.204228493,1.092622828,5.112662942,1644
"Montgomery, AL, USA",3.184453162,0.330511861,1.073676179,5.152744381,7467
"Lynchburg, VA, USA",3.531712857,0.047011125,1.084372319,4.938891521,3168
"Terre Haute, IN, USA",2.316099285,0.820938077,1.056663091,5.778608826,3477
"Bozeman, MT, USA",2.823661553,0.572183095,1.09413019,5.283768445,2843
"Bullhead City, AZ, USA",3.271725154,0.263960008,1.069049448,5.404494382,1403
"Bloomington, IL, USA",2.571746289,0.708976425,1.090753112,5.3917603,3445
"Janesville, WI, USA",2.888605336,0.532658361,1.04633128,5.640155189,3583
"Solano County, CA, USA",3.537565604,0.041805201,1.086601872,4.938436042,25332
"Turin, Italy",3.575590105,0.007637677,1.158263028,4.539463064,96088
"Monroe County, PA, USA",3.56850013,0.014053884,1.111666168,4.86562942,7675
"Varese VA, Italy",3.582291206,0.001554258,1.137551635,4.41068843,11140
"Bilbao, Biscay, Spain",3.580101504,0.003544166,1.197859355,4.249279143,24084
"Durham, ON, Canada",3.077496915,0.407774581,1.092135361,5.304595923,24890
"Mississauga, ON, Canada",3.31433729,0.230319253,1.143439105,4.973746232,15681
"Belo Horizonte, Belo Horizonte - State of Minas Gerais, Brazil",3.567880227,0.014613888,1.026238075,5.323898871,17667
"Druskininkai, Lithuania",3.531760347,0.046968941,1.08190808,5.011494253,458
"Panevėžys, Lithuania",3.372134916,0.183488856,1.045062925,5.190322581,995
"Klaipėda, Lithuania",3.546705566,0.033646987,1.064976354,4.689170183,5090
"Kaunas, Lithuania",3.570513728,0.012233756,1.06266879,4.755248697,5380
"Vilnius, Lithuania",3.561228477,0.02061289,1.067594477,4.818181818,7291
"Fairbanks, AK, USA",3.106646687,0.387186916,1.080100818,4.890534321,3625
"Wilmington, NC, USA",3.537868209,0.041535652,1.06930009,4.903537892,7562
"Johnson County, KS, USA",3.133472905,0.367929495,1.060925369,4.708860759,4306
"Szeged, Hungary",3.53842153,0.04104268,1.033896365,5.233755274,3015
"12100 Cuneo CN, Italy",3.576878052,0.006469891,1.195353603,4.530831189,93143
"El Paso, TX, USA",3.454310023,0.11452583,1.048019642,5.548195683,52913
"Colorado, USA",3.540096567,0.039549557,1.228667322,4.766763848,491
"Brecksville, OH 44141, USA",3.239971453,0.288539638,1.080753084,5.135108481,3166
"Boston, MA, USA",3.574047053,0.009035862,1.087886925,5.069685473,194951
"West Palm Beach, FL, USA",2.910049038,0.519224303,1.112995615,4.858927075,37059
"Oakville, ON, Canada",3.187972216,0.327889307,1.159000624,5.372511546,5756
"Trento, Italy",3.564200365,0.017934901,1.205877105,4.3894081,5749
"Canby, OR 97013, USA",3.356345564,0.196419435,1.067307339,4.939882323,2908
"Longview, WA, USA",3.449271993,0.118834287,1.063388324,5.438190426,1502
"Merced, CA, USA",2.825306707,0.571203411,1.050095432,5.287557992,8997
"Waukesha, WI, USA",2.907592649,0.520772836,1.052564524,5.163663228,32529
"Palos Verdes Peninsula, CA, USA",3.33712549,0.2120203,1.094679527,5.059807612,3718
"Bishop, CA 93514, USA",2.88713069,0.533575202,1.100371017,5.190019464,88095
"Escalon, CA 95320, USA",2.599765981,0.695059895,1.080084646,5.009855951,987
"Big Bear, CA, USA",3.052913205,0.42486394,1.099211319,5.441135504,11924
"Crescent City, CA, USA",3.360603257,0.19294279,1.11887812,4.75739868,3523
"Lower Lake, CA, USA",3.45702417,0.112200372,1.192603156,4.877924877,8959
"Nancy, France",3.5490065,0.031587753,1.079086072,4.403012132,5932
"Toulouse, France",3.573614646,0.009427497,1.101823095,4.518821724,33411
"Grenoble, France",3.579042607,0.004505735,1.13712571,4.458214431,11108
"Charlottetown, PE, Canada",3.282977442,0.255149769,1.097862854,5.372093023,1070
"Mason County, WA, USA",3.251432456,0.279716143,1.119217272,4.72299547,12246
"Harrisonburg, VA, USA",3.493002724,0.081086107,1.075826,5.084677419,1126
"Shizuoka Prefecture, Japan",3.559722391,0.021968637,1.141540992,5.651435452,13500
"Szczecin, Poland",3.570402533,0.012334311,1.066402605,4.537077364,6719
"Huntsville, AL, USA",3.114694644,0.381440905,1.074636102,5.10585122,5739
"Maryland, USA",3.570345885,0.012385537,1.088738491,4.736940927,223895
"Ocean City, MD, USA",2.796863419,0.587983536,1.05778874,4.452709883,690
"Harford County, MD, USA",3.569030918,0.013574258,1.091455756,4.74399663,5329
"Cecil County, MD, USA",3.537828759,0.041570795,1.085664434,4.634256133,3200
"Carroll County, MD, USA",3.55004746,0.030655421,1.080795628,4.737922189,3235
"Baltimore, MD, USA",3.381725292,0.175584504,1.134430258,3.493333333,65
"Annapolis, MD, USA",3.553580388,0.027487819,1.087197475,4.693430657,2421
"Vermont, USA",3.56184102,0.020061222,1.090460049,4.852703278,83690
"Rutland, VT, USA",3.526239949,0.051866359,1.088338701,4.696515117,5827
"Orange County, VT, USA",3.567445215,0.015006771,1.091289881,4.641956895,8932
"Bennington, VT 05201, USA",3.538811288,0.040695355,1.122438189,4.649069055,2879
"Wilmington, VT, USA",3.547418527,0.033009153,1.108433279,4.657950745,2231
"Town of Rockingham, VT, USA",3.560180107,0.02155671,1.095083223,4.745385021,10542
"Chittenden County, VT, USA",3.560346019,0.021407374,1.087713025,4.741116751,17495
"Hartford, VT, USA",3.553456327,0.027599139,1.101476054,4.722969838,1579
"Addison County, VT, USA",3.477615809,0.094458298,1.090345692,4.855231991,5151
"Jackson, MS, USA",3.06450152,0.416839497,1.067468423,5.290750618,6471
"Pensacola, FL, USA",3.265921649,0.268483507,1.07644192,5.130381379,12692
"Okaloosa County, FL, USA",3.205968977,0.314397182,1.091834137,4.999544211,6887
"Ocala, FL, USA",3.005093623,0.457389057,1.062850405,5.308754448,5719
"Brooksville, FL, USA",3.256302298,0.275950532,1.064605127,5.289302326,7850
"Citrus County, FL, USA",2.956465243,0.489493493,1.082015732,5.159947192,7719
"St Augustine, FL, USA",3.444999629,0.122479723,1.085430507,4.69424641,7673
"Panama City, FL, USA",2.840353585,0.56219105,1.067033563,5.503319252,5488
"Toronto, ON, Canada",3.438969273,0.127612323,1.084414807,5.326198659,129465
"Rome, Italy",3.582011965,0.001808131,1.169460148,4.58896642,383949
"Buenos Aires, Autonomous City of Buenos Aires, Argentina",3.453947613,0.114836109,1.01220047,4.34246041,12404
"Palermo, Italy",3.471716586,0.0995591,1.094675031,4.470080976,7865
"Des Moines, IA, USA",2.78993746,0.592018803,1.054915453,5.300585114,12291
"Greensboro, NC, USA",3.486919117,0.086384857,1.071768059,4.738798727,65775
"Charleston, SC, USA",3.562730129,0.019260198,1.097206573,4.957979777,15339
"State College, PA, USA",3.508125362,0.067848087,1.099451635,4.96145409,2546
"Nairobi, Kenya",3.576591086,0.006730143,1.070166434,4.948471421,53236
"Springfield, IL, USA",2.698043828,0.64367909,1.055158573,5.34036321,4385
"New Jersey, USA",3.572823486,0.010143857,1.073561748,5.170179996,389971
"Porto Alegre - RS, Brazil",3.527726561,0.050548753,1.041547922,5.066234368,20257
"Riverside, CA, USA",3.347006755,0.204018814,1.093249097,4.840414099,120794
"Brussels, Belgium",3.577579355,0.005833729,1.045044033,4.473365231,17127
"Rio Vista, CA, USA",3.321816885,0.224336829,1.118242021,4.983174835,6409
"New York, USA",3.479330071,0.092973348,1.06261588,5.371499244,30030
"Barrie, ON, Canada",3.378382682,0.178343793,1.099236598,5.6033637,2468
"Tulsa, OK, USA",2.703026609,0.640967534,1.064260887,5.254067004,21591
"Oklahoma City, OK, USA",2.656219461,0.666034082,1.063538138,5.306232035,26776
"Alice Springs NT 0870, Australia",3.528911918,0.049497498,1.082966439,4.592863678,859
"Darwin NT, Australia",3.530222724,0.048334309,1.077531493,4.49594659,5080
"Fort Collins, CO, USA",3.023847996,0.444745852,1.090370784,5.069889697,16491
"San Gabriel Valley, Avocado Heights, CA 90601, USA",3.228932029,0.296987156,1.052340348,5.255768907,57182
"Pamplona, Navarre, Spain",3.569044772,0.013561738,1.0776826,4.137115839,6144
"Saint Albert, AB, Canada",3.074068557,0.410172816,1.11906315,5.087522327,6793
"Melbourne VIC, Australia",3.379251622,0.177626937,1.07769962,4.708945522,312852
"Tehama County, CA, USA",3.385146603,0.172755458,1.187364673,4.778146102,10965
"Stanislaus County, CA, USA",3.219579795,0.304104139,1.075997463,5.027485949,32739
"Siskiyou County, CA, USA",3.533975517,0.045000207,1.268224979,4.826024786,5785
"San Benito County, CA, USA",3.160126266,0.348501117,1.057673819,4.971319312,1164
"Yamhill County, OR, USA",3.125877802,0.373411935,1.094538799,4.932501232,17489
"Woodburn, OR, USA",3.210435036,0.311028224,1.080713028,5.244122966,459
"Wallowa County, OR, USA",3.082789008,0.404063058,1.17011106,5.276533115,4562
"Newport, OR, USA",3.149118112,0.356560916,1.148983591,4.94954948,73592
"Roseburg, OR, USA",3.324353836,0.222302434,1.091466435,4.809120827,2948
"Tillamook, OR 97141, USA",3.23306889,0.293827484,1.124422461,4.910349752,45833
"Astoria, OR, USA",3.232956216,0.293913636,1.124480982,4.910422518,45857
"Cottage Grove, OR 97424, USA",2.693135549,0.646340054,1.052589733,5.369458128,318
"Sandy, OR, USA",3.187484734,0.328252906,1.120639435,4.716662266,2534
"Modoc County, CA, USA",3.410424544,0.151703233,1.176803555,4.867945936,50303
"Medford, OR, USA",3.07631327,0.408603125,1.101321074,5.161487965,5236
"Florence, OR 97439, USA",2.817800906,0.575663989,1.062496291,5.339483395,415
"Grant County, OR, USA",3.254157006,0.277610592,1.166350565,5.063488864,28555
"Linn County, OR, USA",2.986080057,0.470058356,1.074292718,5.094814039,2778
"Lincoln County, OR, USA",3.303880303,0.238644268,1.166047931,4.775977121,3476
"Josephine County, OR, USA",3.22105757,0.302981972,1.154102465,4.822611263,6507
"Redmond, OR 97756, USA",3.196200006,0.321737591,1.101654704,5.044924406,6974
"Ontario, OR 97914, USA",3.095767817,0.394911498,1.118427975,5.182851083,4912
"Oakridge, OR, USA",2.96574325,0.483443726,1.150787429,4.963063764,3685
"Brookings, OR, USA",3.393512503,0.165817372,1.249684677,4.76994132,29860
"Corvallis, OR, USA",3.127303035,0.372384967,1.070946354,5.214416058,1650
"Coos County, OR, USA",3.30647299,0.236584399,1.17014599,4.664862775,3232
"Pendleton, OR 97801, USA",3.091563612,0.397883584,1.099735825,5.112229914,6947
"Everett, WA, USA",2.972030929,0.479323558,1.077822358,4.841443197,40177
"Pierce County, WA, USA",2.893208486,0.529790624,1.066414287,5.01442494,52076
"Columbia County, OR, USA",3.23306889,0.293827484,1.124422461,4.910349752,45833
"Hood River County, OR, USA",3.107786889,0.386374475,1.121925644,4.827183099,10098
"Milton-Freewater, OR 97862, USA",2.926595184,0.508728358,1.059387252,5.293859649,1062
"Benton County, OR, USA",3.200383027,0.318599304,1.09270337,5.061303745,2629
"La Grande, OR 97850, USA",3.082789008,0.404063058,1.17011106,5.276533115,4562
"Westchester County, NY, USA",3.55036999,0.030366456,1.067674068,5.052521381,51464
"Wilsonville, OR, USA",3.19226443,0.324683621,1.0743267,4.903090811,12119
"Trinity County, CA, USA",3.50228645,0.07297056,1.336322426,4.56605042,3828
"Atlanta, GA, USA",3.499399987,0.075497639,1.099640649,4.621076499,127686
"Alexandria, VA, USA",3.516092992,0.060835321,1.060532511,4.859962049,4393
"Sonoma County, CA, USA",3.52375138,0.054069966,1.130098815,4.773190109,18330
"Plumas County, CA, USA",3.542273664,0.037607165,1.322596441,4.873909596,3495
"Modesto, CA, USA",2.972443638,0.479052548,1.076803272,5.062395758,18292
"Mendocino County, CA, USA",3.438499711,0.128011348,1.229182756,4.737478334,15001
"Madera, CA, USA",3.068680335,0.413932198,1.100076267,5.049754595,7964
"Susanville, CA, USA",3.417650897,0.145636291,1.187601976,5.051445864,4271
"Anaheim, CA, USA",2.686839664,0.649738692,1.075009469,4.950699286,18747
"Pulaski, VA, USA",3.559116638,0.022513659,1.120675974,4.586161305,1510
"Radford, VA, USA",3.553574591,0.027493021,1.102843177,4.864249326,2463
"Roanoke, VA, USA",3.581860303,0.001946002,1.136396398,4.699276882,27406
"Oshkosh, WI, USA",2.763077792,0.607480196,1.042475996,5.250979211,2727
"Laguna Beach, CA, USA",3.534245772,0.044759878,1.114289575,4.74892396,948
"Corona, CA, USA",3.468608708,0.102240553,1.085954304,5.023907667,2766
"San Andreas, CA, USA",3.576359926,0.00693976,1.19876228,4.735000767,4354
"Manatee County, FL, USA",2.780872816,0.597270127,1.083588257,5.383811438,23067
"Melbourne, FL, USA",2.91024832,0.519098564,1.104421172,5.073740378,18663
"Butte, MT, USA",2.566048022,0.711766812,1.038541338,6.060869565,1794
"Jefferson County, MO, USA",3.554695336,0.026487091,1.12111161,4.69083671,9498
"Wenatchee, WA, USA",3.151210262,0.355032975,1.214087751,4.973843755,4136
"Beaumont, CA, USA",2.959613268,0.487444803,1.079568673,4.995299647,10008
"Amador County, CA, USA",3.291324563,0.248580336,1.098587767,5.018831312,17183
"Placer County, CA, USA",3.395022185,0.164562262,1.109440053,4.954881895,11949
"Torrance, CA, USA",2.83129217,0.567629631,1.029252772,5.710467037,29736
"Raleigh, NC, USA",3.51307412,0.063495495,1.076879181,4.685708096,19581
"Durham, NC, USA",3.525629113,0.052407487,1.0746393,4.662432243,53983
"Jersey City, NJ, USA",3.366649968,0.187992414,1.025349075,4.657788072,9808
"York, PA, USA",3.570002414,0.012696102,1.07832849,5.166200187,40825
"Kansas City, MO, USA",3.050703657,0.426387653,1.057678602,5.057108835,66304
"Saint Louis, MO, USA",3.480944493,0.091573771,1.094456288,5.082108252,72914
"Lansing, MI, USA",2.79842311,0.587072075,1.054761887,5.429209184,7897
"Bloomington, IN, USA",2.962227942,0.485740092,1.070312347,5.019354839,2684
"Bradenton, FL, USA",2.780872816,0.597270127,1.083588257,5.383811438,23067
"Colorado Springs, CO, USA",3.394747813,0.164790438,1.085032638,5.013363256,15374
"Ketchum, ID, USA",3.479079796,0.093190221,1.11227081,5.311325546,1484
"Anchorage, AK, USA",2.871185578,0.543431368,1.080307321,4.933994923,6506
"Chapel Hill, NC, USA",3.545185602,0.035006084,1.098711981,4.723122726,2197
"Cary, NC, USA",3.529858651,0.048657454,1.091164691,4.630464378,4643
"Edmonton, AB, Canada",3.148885781,0.35673048,1.117139548,4.926072668,27062
"Providence, RI, USA",3.521683955,0.055898704,1.075618241,5.111522033,42449
"Clemson, SC, USA",3.566313868,0.016028186,1.096936198,4.863657957,3010
"Sioux Falls, SD, USA",2.636470769,0.676338001,1.048481736,5.724519034,4253
"Blacksburg, VA, USA",3.552207061,0.02871975,1.102169525,4.790874525,1797
"Hampton, VA, USA",3.56377308,0.018320156,1.077469876,4.83394732,47467
"Woodbridge, VA, USA",3.563729133,0.018359776,1.084363003,4.701499984,46685
"Olympia, WA, USA",3.018962609,0.448053346,1.075594259,5.073274496,16366
"Susono, Shizuoka Prefecture, Japan",3.495793118,0.07865058,1.085895539,5.308005427,1203
"Omaezaki, Shizuoka Prefecture, Japan",3.430459024,0.134830014,1.054326535,5.827616535,2045
"Kakegawa, Shizuoka Prefecture, Japan",3.274662195,0.261665439,1.042089764,6.065773447,785
"Hesperia, CA, USA",2.879716657,0.538171137,1.072913182,5.21913567,35353
"Thousand Palms, CA, USA",3.047048476,0.428903843,1.08729967,4.999658083,41136
"Stockton, CA, USA",3.39164334,0.167370037,1.093950597,4.93964511,77112
"Redding, CA, USA",3.401919376,0.158816119,1.13041496,4.583436813,6787
"Marin County, CA, USA",3.572165895,0.010739078,1.161177778,4.615243155,6747
"Santa Cruz, CA, USA",3.489725466,0.083942463,1.130778499,4.767369129,25323
"Gainesville, FL, USA",2.925676687,0.509313972,1.090313918,4.951830949,6061
"Milan, Italy",3.521648809,0.055929777,1.055336516,4.137003269,50858
"Oxnard, CA, USA",3.28620096,0.252616183,1.105439975,5.220189553,7446
"Fresno, CA, USA",2.549074411,0.719998972,1.039355705,5.409362815,34209
"Fairfield, CA, USA",3.447016102,0.12076009,1.101496193,4.868566227,40796
"New Orleans, LA, USA",3.41687246,0.146290873,1.041127403,5.284760845,24487
"Yuma, AZ, USA",2.752963673,0.613224843,1.040296532,5.71064873,27466
"Little Rock, AR, USA",3.160282549,0.348386331,1.089715642,5.059038683,19224
"Rīga, Latvia",3.580085425,0.003558771,1.068220001,4.911633625,10303
"Jacksonville, FL, USA",3.289537501,0.249989233,1.082139643,4.888207644,33627
"Hartford, CT, USA",3.524999997,0.052964647,1.086720759,5.071566248,56215
"New Haven, CT, USA",3.556534052,0.024835616,1.085291301,5.05424831,18304
"Stamford, CT, USA",3.529781476,0.048725945,1.089799635,4.934016555,9877
"Waterbury, CT, USA",3.50003157,0.074944987,1.083288474,5.05499653,8808
"New Britain, CT, USA",3.345374424,0.205343402,1.082319393,5.128658484,9301
"Meriden, CT, USA",3.365514698,0.188923001,1.094533209,5.094594595,1116
"Ann Arbor, MI, USA",3.179246168,0.334382936,1.074572156,5.037593985,8774
"Burnie TAS 7320, Australia",3.306739513,0.236372491,1.09790412,4.592572215,2618
"Launceston TAS, Australia",3.510279976,0.065954281,1.12205313,4.591943463,5140
"Hobart TAS, Australia",3.546726158,0.033628567,1.161146742,4.565668247,18077
"San Bernardino, CA, USA",2.873106663,0.542249463,1.068787951,5.048769641,40602
"Fort Wright, KY, USA",3.547566828,0.032876452,1.083399089,4.611164581,10053
"Davis, CA, USA",3.190639714,0.325897955,1.102277437,4.827586207,1510
"Detroit, MI, USA",2.945853148,0.496369468,1.022527724,5.695943441,37385
"Athens, OH 45701, USA",3.426370921,0.138286544,1.096647195,4.868913858,829
"Laurel, MD, USA",3.565456335,0.01680204,1.101938879,4.768761048,23587
"Bremerton, WA, USA",3.009154337,0.454663889,1.091883747,4.681642885,6708
"Fairfax, VA, USA",3.566748017,0.015636286,1.082085833,4.7086042,41060
"Burlington, ON, Canada",3.273199335,0.262808747,1.094901765,4.993414488,4195
"Vancouver, WA, USA",2.743611961,0.618498776,1.061221466,5.143319608,26933
"Salem, OR, USA",3.125570532,0.373633232,1.076898594,5.023380282,15395
"Pittsburgh, PA, USA",3.572420325,0.010508801,1.093358352,5.052689961,39938
"Nassau, NY, USA",3.456505327,0.112645148,1.040884861,5.490229996,54151
"Louisville, KY, USA",3.536514188,0.042741463,1.085296446,4.925864419,29455
"Saskatoon, SK, Canada",2.928171287,0.507722655,1.095508901,5.29961568,5875
"Philadelphia, PA, USA",3.543550382,0.036467173,1.079850494,5.164573302,132623
"Santa Monica, CA, USA",3.219807547,0.303931252,1.021616068,5.924108892,18863
"Virginia, USA",3.575189907,0.008000397,1.089022954,4.664657828,42606
"Cottonwood, AZ, USA",3.368515422,0.186462133,1.125248091,4.712464221,2665
"Sedona, AZ, USA",3.409922911,0.15212358,1.093786923,5.126074499,1648
"Flagstaff, AZ, USA",3.415016179,0.147850794,1.096527814,5.107422775,1704
"Vitoria-Gasteiz, Álava, Spain",3.524661024,0.053264781,1.048909707,3.6375,2744
"Calgary, AB, Canada",3.26570685,0.268650663,1.162951437,4.729488121,28286
"New South Wales, Australia",3.441541128,0.125425188,1.093413294,4.712247322,441630
"Montgomery, MD, USA",3.563711095,0.018376037,1.088314832,4.872877866,33450
"Rochester, NY, USA",3.210585237,0.310914777,1.059275379,5.259547798,27359
"Buffalo, NY, USA",3.00634276,0.456551481,1.058187127,5.449005015,26700
"Tampa, FL, USA",2.841572392,0.561456939,1.107635577,5.065596074,35990
"Pinellas, FL, USA",2.728643058,0.626865191,1.086601413,5.276843206,44736
"Concord, CA, USA",3.536622816,0.042644754,1.097987845,4.718278269,28413
"Nashville, TN, USA",3.474717856,0.096965832,1.085844368,4.8698292,48494
"Cincinnati, OH, USA",3.397905033,0.162162918,1.074492082,4.788432095,25114
"Columbus, OH, USA",3.133635308,0.367812005,1.094104524,5.21693276,32952
"Cleveland, OH, USA",3.045286854,0.43011455,1.061483579,5.349965925,28181
"Indianapolis, IN, USA",2.852214249,0.555021021,1.072318165,5.150132129,28354
"Delaware, USA",3.578585745,0.004920461,1.072457256,4.949303797,49675
"Mendocino, CA, USA",3.43797807,0.128454522,1.229491191,4.739766212,15029
"Waterloo, ON, Canada",3.540375592,0.039300723,1.113486508,5.493070024,10025
"Thunder Bay, ON, Canada",3.039593227,0.434018816,1.081655148,5.69717591,2494
"Spokane, WA, USA",2.681183428,0.652778042,1.053427056,5.556351026,14734
"Orange County, CA, USA",3.24663468,0.283416429,1.074035444,4.991721725,117554
"San Diego, CA, USA",3.462891791,0.107162622,1.097915016,4.795815366,65848
"Milwaukee, WI, USA",2.782618713,0.59626134,1.049898101,5.26711563,34056
"Madison, WI, USA",3.232217481,0.294478356,1.059057703,5.005058463,10181
"Minneapolis, MN, USA",3.095125781,0.395365848,1.074245366,5.095341026,100855
"Chicago, IL, USA",2.865393191,0.546985759,1.064900191,5.361775918,178117
"Champaign, IL, USA",2.656109476,0.666091914,1.065153088,5.78618646,3871
"Sacramento, CA, USA",3.240076401,0.288459088,1.077216232,4.978291497,50209
"Yosemite Valley, CA, USA",3.023832824,0.44475614,1.149556754,5.073736859,31407
"Yuba City, CA, USA",3.228704804,0.297160502,1.080177836,5.008621613,28653
"Asheville, NC, USA",3.549293006,0.03133119,1.159271214,4.734177215,6953
"Arlington, VA, USA",3.506395644,0.069367038,1.052657444,4.948502994,5695
"Humboldt County, CA, USA",3.399396679,0.160920097,1.273149327,4.682766191,7773
"Allegany, MD, USA",3.541120905,0.038635894,1.09920702,4.74785324,3608
"Montreal, QC, Canada",3.533020514,0.045849216,1.108433734,5.209105868,98840
"Auckland, New Zealand",3.574856134,0.008302863,1.093580687,4.557170001,28281
"Worcester, MA, USA",3.560816037,0.020984253,1.086080492,4.99318413,15264
"Nantucket, MA, USA",3.569501462,0.013148972,1.109203273,5.037727061,1690
"Lowell, MA, USA",3.56719848,0.015229577,1.104515307,5.059029971,11036
"Attleboro, MA, USA",3.56134342,0.020509381,1.086642103,5.113578068,57050
"Cape Cod, MA, USA",3.571520867,0.011322755,1.122491733,5.194896646,20946
"Brockton, MA, USA",3.554660811,0.026518087,1.075292401,5.061865095,15572
"Berkshire, MA, USA",3.482869643,0.089903407,1.087162742,5.030751378,5274
"Long Island, New York, USA",3.504594164,0.070947691,1.050409728,5.240422974,145305
"Staten Island, NY, USA",3.461535942,0.108327976,1.03115436,5.072972699,26615
"Queens, NY, USA",3.501114401,0.073997097,1.019309748,5.169338419,32980
"Bronx, NY, USA",3.492714769,0.081337257,1.025891691,5.067571614,9465
"Brooklyn, NY, USA",3.507996714,0.067961101,1.014247222,4.945856436,25676
"Perth WA, Australia",3.457052571,0.112176022,1.069669071,4.642677569,143270
"Cairns QLD, Australia",3.496636342,0.077913959,1.083255884,4.174557328,6159
"Gladstone QLD 4680, Australia",3.520044826,0.057347337,1.087091322,4.512077295,1868
"Gympie QLD 4570, Australia",3.56988686,0.012800574,1.090372812,4.829947766,1308
"Innisfail QLD 4860, Australia",3.324392027,0.222271788,1.07476154,4.60915493,460
"Salt Lake City, UT, USA",2.967381423,0.482371847,1.078858246,5.086375592,64369
"Corpus Christi, TX, USA",3.206197952,0.314224656,1.05082908,5.343110986,12136
"San Antonio, TX, USA",3.427430647,0.1373912,1.065078712,5.140571057,41037
"Phoenix, AZ, USA",2.934992438,0.503358257,1.08485853,5.100948218,115254
"Mexico City, Federal District, Mexico",3.471334343,0.099889112,1.04572839,5.105814746,170295
"Fort Lauderdale, FL, USA",2.699067976,0.643122602,1.085360964,5.206972259,71550
"Rogaland, Norway",3.569977164,0.012718931,1.172811341,4.263755307,7089
"York, Toronto, ON, Canada",3.158714565,0.349537521,1.124884721,5.25647256,31259
"Adelaide SA, Australia",3.321652538,0.224468528,1.068809664,4.795444922,55215
"Bowen QLD 4805, Australia",2.966166357,0.483166988,1.049767395,4.497175141,432
"Canberra ACT, Australia",3.573447661,0.009578716,1.128878154,4.401516765,19985
"Brisbane QLD, Australia",3.447936881,0.119974296,1.097614113,4.472305345,104753
"Honolulu, HI, USA",3.567505381,0.014952437,1.08296496,4.705590062,12589
"Fort Worth, TX, USA",3.111973481,0.383386738,1.073451592,5.042868599,68413
"Albany, NY, USA",3.558525834,0.023045084,1.096075836,5.303284745,24822
"Budapest, Hungary",3.521047451,0.056461367,1.039626195,5.274449849,37708
"Longueuil, QC, Canada",3.412526357,0.149940869,1.125713931,5.258380911,12986
"Guelph, ON, Canada",3.194746622,0.322826289,1.106973234,5.342465753,2520
"Albuquerque, NM, USA",3.198643504,0.319905251,1.061131987,5.003435939,22741
"Miami, FL, USA",2.649574251,0.669519257,1.071732158,5.289404829,81069
"Las Vegas, NV, USA",2.723860824,0.629518525,1.068601233,4.772300985,50742
"Reno, NV, USA",3.315651223,0.229270003,1.07892578,4.873688203,12087
"San Jose, CA, USA",3.529435485,0.049032978,1.115815253,4.764513812,46328
"Christchurch, New Zealand",3.559207107,0.022432269,1.057273371,4.749620008,11207
"Quebec City, QC, Canada",3.312982204,0.231400617,1.104281099,5.424699254,11822
"Halifax, NS, Canada",3.531999689,0.046756323,1.102322637,4.821234472,7818
"Brampton, ON, Canada",3.374253946,0.181745637,1.143813214,5.065007294,19179
"Hamilton, ON, Canada",3.104320444,0.388842792,1.07035095,5.11406935,10178
"Vancouver, BC, Canada",2.929941935,0.506591587,1.064353554,5.014497985,38476
"Dallas, TX, USA",3.158952976,0.349362549,1.068383361,5.010574827,133118
"Houston, TX, USA",3.212552264,0.309428214,1.075976723,4.885715967,124904
"Austin, TX, USA",3.492633912,0.081407774,1.079637598,4.97650784,41814
"Winnipeg, MB, Canada",3.350844346,0.200900375,1.097812755,5.321412942,14855
"Wellington, New Zealand",3.567841981,0.014648433,1.113845711,4.572123535,9654
"Yeppoon QLD 4703, Australia",3.380406488,0.176673715,1.078824284,4.696674505,4532
"Warwick QLD 4370, Australia",2.616746518,0.686468013,1.042919559,5.010948905,460
"Townsville QLD, Australia",3.489082688,0.084502167,1.095121274,4.453977982,7093
"Toowoomba QLD, Australia",2.978839373,0.47484369,1.073453125,4.793522267,4620
"Rockhampton QLD, Australia",3.216649378,0.306326716,1.050581958,4.93370945,2296
"Maryborough QLD 4650, Australia",3.364800936,0.189507803,1.062481839,4.869270716,3299
"Maleny QLD 4552, Australia",3.537003142,0.042306118,1.127328897,4.405988024,1115
"Mackay QLD 4740, Australia",3.276823366,0.259974739,1.071902228,4.417738659,4396
"Bundaberg QLD 4670, Australia",3.357345963,0.195603227,1.05358538,4.774887444,3175